{
    "s000.kp": {
        "it": 924232,
        "ans": 20995,
        "t": 2.794283151626587
    },
    "s001.kp": {
        "it": 858235,
        "ans": 19836,
        "t": 2.8139498233795166
    },
    "s002.kp": {
        "it": 848730,
        "ans": 20561,
        "t": 2.9035027027130127
    },
    "s003.kp": {
        "it": 838778,
        "ans": 19789,
        "t": 2.6261367797851562
    },
    "s004.kp": {
        "it": 744499,
        "ans": 20961,
        "t": 2.5702896118164062
    },
    "s005.kp": {
        "it": 760009,
        "ans": 19780,
        "t": 2.615689277648926
    },
    "s006.kp": {
        "it": 756531,
        "ans": 21334,
        "t": 2.530538320541382
    },
    "s007.kp": {
        "it": 801476,
        "ans": 16763,
        "t": 2.776151418685913
    },
    "s008.kp": {
        "it": 688217,
        "ans": 19399,
        "t": 2.2807421684265137
    },
    "s009.kp": {
        "it": 728372,
        "ans": 18331,
        "t": 2.292942762374878
    },
    "s010.kp": {
        "it": 723329,
        "ans": 20167,
        "t": 2.24446439743042
    },
    "s011.kp": {
        "it": 692568,
        "ans": 20361,
        "t": 2.1565606594085693
    },
    "s012.kp": {
        "it": 739472,
        "ans": 18751,
        "t": 2.379465103149414
    },
    "s013.kp": {
        "it": 721659,
        "ans": 20056,
        "t": 2.3956353664398193
    },
    "s014.kp": {
        "it": 670158,
        "ans": 19031,
        "t": 1.9674363136291504
    },
    "s015.kp": {
        "it": 763780,
        "ans": 22377,
        "t": 2.5239312648773193
    },
    "s016.kp": {
        "it": 3478392,
        "ans": 36378,
        "t": 16.700533628463745
    },
    "s017.kp": {
        "it": 3460977,
        "ans": 43703,
        "t": 16.85033941268921
    },
    "s018.kp": {
        "it": 3564874,
        "ans": 39025,
        "t": 17.72416043281555
    },
    "s019.kp": {
        "it": 3147641,
        "ans": 37539,
        "t": 15.729062557220459
    },
    "s020.kp": {
        "it": 3380458,
        "ans": 37252,
        "t": 16.493414878845215
    },
    "s021.kp": {
        "it": 3461049,
        "ans": 42374,
        "t": 15.861534118652344
    },
    "s022.kp": {
        "it": 3415570,
        "ans": 45031,
        "t": 15.549201488494873
    },
    "s023.kp": {
        "it": 3437637,
        "ans": 39741,
        "t": 16.340217351913452
    },
    "s024.kp": {
        "it": 3395085,
        "ans": 41608,
        "t": 15.657466888427734
    },
    "s025.kp": {
        "it": 3549603,
        "ans": 37308,
        "t": 14.045060157775879
    },
    "s026.kp": {
        "it": 3380971,
        "ans": 42430,
        "t": 14.8318350315094
    },
    "s027.kp": {
        "it": 3721439,
        "ans": 39259,
        "t": 15.169150114059448
    },
    "s028.kp": {
        "it": 3308205,
        "ans": 38128,
        "t": 14.308777809143066
    },
    "s029.kp": {
        "it": 3569157,
        "ans": 42813,
        "t": 13.356767892837524
    },
    "s030.kp": {
        "it": 3205471,
        "ans": 41637,
        "t": 12.868212461471558
    }
}